{
    "config": {
        "wifi-shield": {
            "help": "Options are internal, WIFI_IDW0XX1",
            "value": "WIFI_ISM43362"
        },
        "wifi-ssid": {
            "help": "WiFi SSID",
            "value": "\"esys305\""
        },
        "wifi-password": {
            "help": "WiFi Password",
            "value": "\"305305abcd\""
        },
        "wifi-tx": {
            "help": "TX pin for serial connection to external device",
            "value": "D1"
        },
        "wifi-rx": {
            "help": "RX pin for serial connection to external device",
            "value": "D0"
        },
        "wifi-spi_miso": {
            "help": "SPI-MISO connection to external device",
            "value": "PC_11"
        },
        "wifi-spi_mosi": {
            "help": "SPI-MOSI connection to external device",
            "value": "PC_12"
        },
        "wifi-spi_sclk": {
            "help": "SPI-CLOCK connection to external device",
            "value": "PC_10"
        },
        "wifi-spi_nss": {
            "help": "SPI chip select of external device",
            "value": "PE_0"
        },
        "wifi-reset": {
            "help": "WIFI module reset pin",
            "value": "PE_8"
        },
        "wifi-dataready": {
            "help": "WIFI module data ready pin",
            "value": "PE_1"
        },
        "wifi-wakeup": {
            "help": "WIFI module wakeup pin",
            "value": "PB_12"
        },
        "server-ip-1": {
            "help": "TCP server IP address 1st value",
            "value": "50"
        },
        "server-ip-2": {
            "help": "TCP server IP address 2nd value",
            "value": "23"
        },
        "server-ip-3": {
            "help": "TCP server IP address 3rd value",
            "value": "124"
        },
        "server-ip-4": {
            "help": "TCP server IP address 4th value",
            "value": "68"
        }        
    },
    "target_overrides": {
        "*": {
            "platform.stdio-convert-newlines": true,
            "target.printf_lib": "std"
        },
        "NUCLEO_L476RG": {
            "wifi-tx": "D8",
            "wifi-rx": "D2"
        },
        "NUCLEO_F401RE": {
            "wifi-tx": "D8",
            "wifi-rx": "D2"
        },
        "DISCO_L475VG_IOT1A": {
            "wifi-spi_miso": "PC_11",
            "wifi-spi_mosi": "PC_12",
            "wifi-spi_sclk": "PC_10",
            "wifi-spi_nss": "PE_0",
            "wifi-reset": "PE_8",
            "wifi-dataready": "PE_1",
            "wifi-wakeup": "PB_12"
        },
        "DISCO_F413ZH": {
            "wifi-spi_miso": "PB_4",
            "wifi-spi_mosi": "PB_5",
            "wifi-spi_sclk": "PB_12",
            "wifi-spi_nss": "PG_11",
            "wifi-reset": "PH_1",
            "wifi-dataready": "PG_12",
            "wifi-wakeup": "PB_15"
        }
    }
}